{
    "4.A": {
        "true_weight": 0.5,
        "false_weight": 0.5
    },
    "4.B": {
        "true_weight": 0.40132608764096667,
        "false_weight": 0.5986739123590333
    },
    "3.A": {
        "true_weight": 0.4757915210136341,
        "false_weight": 0.5242084789863659
    }
}