{
    "4.A": {
        "true_weight": 0.3952491634292502,
        "false_weight": 0.6047508365707498
    },
    "4.B": {
        "true_weight": 0.40132608764096667,
        "false_weight": 0.5986739123590333
    }
}